x1,x2,x3,y
259.886,1.006,3486.676,0.000
97.985,0.381,2607.926,0.000
261.797,1.022,7285.961,0.000
463.945,1.812,15149.844,1.000
255.194,0.997,15211.092,1.000
210.280,0.817,5252.157,0.000
806.609,3.151,34615.931,1.000
440.037,1.718,12517.441,0.000
705.619,2.756,38764.226,1.000
328.922,1.260,7971.170,0.000
319.954,1.247,23490.249,1.000
579.182,2.260,15484.656,0.000
343.810,1.341,13726.850,1.000
472.189,1.834,9233.392,1.000
103.350,0.402,3066.477,0.000
503.335,1.940,7227.350,0.000
270.866,1.057,2848.490,0.000
651.028,2.532,18758.885,1.000
375.491,1.466,7632.528,1.000
293.896,1.147,21371.875,1.000
191.933,0.750,5040.594,0.000
211.133,0.805,6238.160,0.000
901.654,3.509,15744.723,0.000
823.144,3.215,21145.154,1.000
813.743,3.178,33028.222,1.000
585.000,2.285,10780.155,0.000
278.966,1.089,18692.266,1.000
378.470,1.464,9169.386,0.000
982.841,3.792,45139.444,1.000
620.845,2.422,14277.778,0.000
149.258,0.583,12135.375,1.000
219.493,0.857,9082.462,1.000
299.547,1.170,5976.961,0.000
1275.917,4.978,70902.541,1.000
71.874,0.281,1885.330,0.000
381.762,1.491,23123.546,1.000
233.521,0.912,12985.093,1.000
451.770,1.761,8417.174,0.000
201.714,0.788,6444.061,1.000
814.453,3.180,18116.674,0.000
689.138,2.692,17719.138,1.000
348.258,1.358,19758.741,1.000
438.357,1.711,36087.801,1.000
382.830,1.495,14883.115,1.000
376.918,1.471,24026.832,1.000
193.228,0.752,12891.539,1.000
660.021,2.575,19716.506,0.000
172.304,0.672,3181.397,0.000
601.966,2.346,13343.652,0.000
346.380,1.352,8360.976,0.000
485.733,1.896,13345.411,0.000
300.590,1.160,11324.484,1.000
379.558,1.483,10545.408,0.000
703.609,2.712,18009.892,0.000
379.088,1.473,31513.065,1.000
743.356,2.904,20069.987,0.000
203.157,0.793,3831.951,0.000
526.308,2.045,10030.320,0.000
984.370,3.842,51669.952,1.000
581.900,2.273,12631.536,0.000
658.895,2.564,14148.726,0.000
429.909,1.677,12728.282,1.000
111.223,0.423,2460.794,0.000
678.345,2.647,20463.033,1.000
987.703,3.804,38485.158,1.000
1033.415,4.029,43424.584,1.000
149.673,0.575,3588.431,0.000
94.756,0.370,2129.130,0.000
177.155,0.692,4016.390,0.000
621.394,2.427,11376.903,0.000
69.531,0.271,1736.471,0.000
354.977,1.380,14036.936,1.000
977.334,3.809,31005.773,0.000
889.048,3.431,23445.654,0.000
1004.430,3.924,55373.028,1.000
465.038,1.815,18123.627,1.000
239.249,0.934,6929.715,0.000
754.691,2.946,44682.938,1.000
286.737,1.120,27828.984,1.000
729.972,2.839,21484.150,1.000
600.962,2.346,11061.383,0.000
116.976,0.457,2957.598,0.000
562.908,2.196,15303.511,0.000
624.874,2.431,38017.936,1.000
232.253,0.907,3786.630,0.000
731.439,2.841,27226.606,0.000
608.958,2.379,22453.313,1.000
521.424,2.030,6626.568,0.000
179.266,0.694,5190.589,0.000
158.749,0.620,4778.511,0.000
583.568,2.252,13632.715,0.000
308.480,1.205,8553.750,1.000
1299.346,5.033,48252.188,1.000
486.700,1.901,14721.927,0.000
122.124,0.477,2268.620,0.000
171.793,0.666,5411.066,0.000
790.258,3.076,32089.729,1.000
118.255,0.462,2895.626,0.000
811.489,3.167,38809.896,1.000
882.040,3.445,21756.506,1.000
265.581,1.036,6523.628,0.000
264.453,1.032,16207.220,1.000
991.596,3.842,19800.499,0.000
359.497,1.381,19749.595,1.000
87.611,0.342,2268.988,0.000
572.056,2.204,18747.161,1.000
360.855,1.405,10533.682,0.000
454.196,1.774,9980.713,1.000
863.076,3.371,22840.068,0.000
1008.985,3.931,26263.984,1.000
169.229,0.661,4472.702,1.000
397.961,1.554,20101.946,1.000
865.243,3.369,28825.764,0.000
272.137,1.062,25454.596,1.000
219.651,0.858,12205.360,1.000
427.876,1.669,10411.172,0.000
545.798,2.125,25933.564,1.000
275.911,1.078,21165.298,1.000
657.720,2.565,44826.341,1.000
892.340,3.463,22560.525,0.000
170.452,0.662,14667.355,1.000
852.706,3.329,20035.695,0.000
271.684,1.054,10627.452,1.000
672.224,2.617,17402.035,0.000
140.712,0.550,3883.487,1.000
300.122,1.166,4809.032,0.000
824.807,3.218,29293.976,1.000
438.677,1.713,9480.018,0.000
345.323,1.347,36022.171,1.000
1002.816,3.900,26707.537,0.000
286.996,1.119,27244.225,1.000
1121.150,4.377,48251.119,1.000
393.915,1.535,28591.743,1.000
920.513,3.589,23014.961,1.000
507.228,1.978,16138.360,1.000
438.426,1.677,9342.777,1.000
454.088,1.774,6493.625,0.000
1001.924,3.878,38502.827,1.000
306.294,1.174,18060.225,1.000
417.142,1.607,11329.348,0.000
715.138,2.775,21659.515,0.000
294.254,1.149,13979.125,1.000
329.373,1.286,7495.398,0.000
403.764,1.573,8812.804,0.000
1019.508,3.982,19156.284,1.000
141.767,0.552,3220.570,0.000
592.024,2.311,16725.210,0.000
233.644,0.910,11746.871,1.000
926.992,3.619,21976.876,0.000
984.648,3.835,31917.822,1.000
470.175,1.832,39135.175,1.000
164.397,0.642,10240.922,1.000
319.244,1.246,4933.730,0.000
634.932,2.479,35210.668,1.000
763.617,2.933,14800.210,0.000
901.651,3.515,33958.646,1.000
831.228,3.246,37208.135,1.000
191.223,0.747,2568.360,0.000
229.715,0.895,8157.876,1.000
616.382,2.408,15428.248,0.000
136.609,0.533,4080.147,0.000
385.943,1.508,9140.896,1.000
542.399,2.115,16454.209,0.000
848.817,3.311,17249.332,0.000
382.340,1.493,27113.619,1.000
727.589,2.840,15351.445,0.000
440.845,1.720,13863.100,0.000
89.830,0.347,3605.921,1.000
308.632,1.185,5384.247,0.000
266.012,1.032,5202.166,0.000
180.933,0.706,5030.266,0.000
171.640,0.670,2075.286,0.000
400.041,1.560,10082.238,0.000
500.104,1.953,13116.436,1.000
703.327,2.722,15965.341,0.000
1227.170,4.787,25472.813,1.000
1005.656,3.824,27864.532,1.000
113.737,0.444,3030.510,0.000
329.166,1.285,5641.042,0.000
613.986,2.390,22427.825,0.000
226.298,0.884,4829.617,0.000
842.394,3.259,21493.203,0.000
249.877,0.975,5680.330,0.000
379.602,1.481,19385.486,1.000
715.574,2.765,21223.759,1.000
162.501,0.633,10201.914,1.000
654.196,2.553,18521.990,0.000
742.669,2.901,17682.536,0.000
574.219,2.243,15884.563,0.000
959.151,3.742,27097.816,1.000
182.975,0.715,3675.094,0.000
386.205,1.509,18664.668,1.000
221.647,0.865,3764.363,0.000
678.997,2.645,16297.672,0.000
142.858,0.554,6159.669,1.000
171.171,0.668,12120.068,1.000
625.405,2.412,24857.435,1.000
611.055,2.387,27422.273,1.000
131.656,0.506,2062.040,0.000
716.737,2.794,20773.794,1.000
334.344,1.305,8446.893,0.000
315.923,1.233,6659.565,1.000
331.407,1.295,6522.017,0.000
934.455,3.647,34688.976,1.000
706.600,2.743,22768.417,0.000
802.850,3.121,23766.226,0.000
327.545,1.279,29891.538,1.000
271.076,1.057,7339.670,1.000
539.570,2.096,27395.972,1.000
973.293,3.802,24184.340,0.000
375.153,1.465,9042.399,1.000
368.285,1.436,30877.371,1.000
209.728,0.817,2294.001,0.000
667.052,2.521,27310.308,1.000
424.656,1.652,11056.036,0.000
913.286,3.534,46448.980,1.000
285.263,1.113,5521.605,0.000
372.572,1.455,9195.498,0.000
278.869,1.089,20346.330,1.000
321.247,1.221,7730.247,1.000
709.883,2.758,24534.815,1.000
733.769,2.861,17745.197,0.000
109.436,0.424,7242.759,1.000
314.667,1.222,6381.735,0.000
1076.921,4.204,19019.267,0.000
857.247,3.339,48197.230,1.000
355.680,1.385,28823.492,1.000
679.180,2.633,20756.546,0.000
619.435,2.419,13784.254,0.000
172.800,0.670,3509.977,0.000
212.346,0.829,15838.434,1.000
363.221,1.418,33418.360,1.000
103.009,0.402,2953.355,0.000
271.996,1.062,9889.265,0.000
552.677,2.159,18638.878,1.000
110.735,0.432,4476.868,1.000
549.464,2.132,9252.085,0.000
294.581,1.150,3209.806,0.000
364.078,1.416,12044.035,1.000
951.423,3.696,33357.681,0.000
381.430,1.487,10750.225,0.000
856.553,3.328,39390.748,1.000
298.862,1.167,6545.718,1.000
242.057,0.938,5784.234,0.000
655.271,2.535,16773.424,1.000
770.202,3.007,41931.706,1.000
815.201,3.184,26664.263,1.000
1199.004,4.632,49409.019,1.000
806.622,3.141,23482.959,1.000
259.478,1.012,20705.632,1.000
598.323,2.328,15580.826,0.000
379.608,1.482,8159.689,0.000
199.470,0.776,10837.282,1.000
261.455,1.014,8227.772,0.000
784.451,3.052,16882.660,0.000
197.581,0.771,4915.003,0.000
551.205,2.135,35020.287,1.000
363.580,1.420,37369.279,1.000
426.632,1.666,41838.644,1.000
854.423,3.324,31860.008,1.000
68.048,0.266,1439.694,0.000
780.413,2.995,20470.082,0.000
929.184,3.586,26931.446,1.000
672.931,2.626,25555.915,1.000
181.450,0.709,4452.611,0.000
442.866,1.721,17343.400,1.000
793.372,3.069,38799.640,1.000
588.351,2.285,12802.584,0.000
144.708,0.561,3750.719,0.000
246.257,0.962,5773.888,0.000
903.420,3.529,29025.549,0.000
312.083,1.219,15479.578,1.000
155.205,0.602,3759.497,0.000
494.929,1.931,23870.563,1.000
761.707,2.954,19460.269,1.000
970.367,3.769,48861.542,1.000
1041.053,4.065,59422.621,1.000
374.574,1.460,4344.533,0.000
607.102,2.369,20633.278,1.000
277.448,1.083,13330.241,1.000
844.684,3.298,25724.836,1.000
353.421,1.381,9695.321,0.000
834.075,3.252,63671.930,1.000
494.933,1.913,10392.807,0.000
296.701,1.157,7310.810,0.000
369.186,1.440,9356.655,0.000
249.715,0.972,5800.857,0.000
173.034,0.676,5064.168,0.000
252.551,0.985,4243.391,0.000
408.048,1.593,23771.791,1.000
114.579,0.443,2563.372,0.000
219.778,0.853,5660.498,0.000
541.485,2.114,47870.333,1.000
107.955,0.422,2601.131,0.000
540.165,2.102,13363.530,0.000
975.125,3.750,25265.023,1.000
964.755,3.768,45583.025,1.000
504.437,1.970,12468.452,1.000
633.856,2.476,17295.882,1.000
673.145,2.629,36089.299,1.000
695.892,2.718,21876.853,1.000
633.281,2.474,17466.099,0.000
992.335,3.876,22892.639,1.000
429.021,1.675,7290.090,1.000
391.159,1.524,10318.768,0.000
1374.224,5.337,42843.195,1.000
535.735,2.084,10370.274,0.000
810.007,3.156,25477.026,1.000
928.001,3.624,32131.404,1.000
171.883,0.670,5286.637,0.000
856.043,3.334,24675.908,1.000
676.583,2.643,10124.446,0.000
504.597,1.956,11693.322,0.000
1254.823,4.876,64836.581,1.000
848.283,3.313,25863.105,0.000
496.885,1.902,13024.957,0.000
597.184,2.329,24008.351,1.000
942.739,3.682,41976.585,1.000
302.942,1.173,6902.747,0.000
229.681,0.894,7206.380,0.000
817.848,3.195,29860.776,1.000
1172.608,4.566,33455.124,0.000
456.624,1.745,16328.247,1.000
439.702,1.718,28275.195,1.000
860.673,3.303,18738.541,0.000
536.610,2.096,12398.783,0.000
396.613,1.529,30004.688,1.000
576.610,2.244,23170.175,1.000
260.467,1.015,4774.686,0.000
576.278,2.244,13597.203,0.000
668.354,2.611,47515.799,1.000
642.129,2.470,17683.104,1.000
342.847,1.328,16707.038,1.000
428.881,1.669,31824.793,1.000
95.632,0.366,2554.116,0.000
612.750,2.379,36573.044,1.000
845.842,3.297,39740.269,1.000
798.481,3.103,23811.209,0.000
714.754,2.792,15305.177,0.000
703.296,2.747,15318.549,1.000
438.884,1.714,19631.835,1.000
440.397,1.715,20722.532,1.000
261.880,1.019,22660.206,1.000
551.791,2.155,16035.590,1.000
323.314,1.261,31234.113,1.000
932.158,3.630,28522.511,1.000
356.430,1.392,24525.156,1.000
431.196,1.683,31592.489,1.000
397.664,1.553,31785.261,1.000
1161.497,4.537,48982.805,1.000
945.618,3.678,50608.878,1.000
279.746,1.090,7999.305,1.000
265.488,1.034,9299.766,0.000
309.765,1.207,11736.072,1.000
1197.982,4.679,47307.303,1.000
569.981,2.203,15739.155,0.000
1314.427,5.119,44954.742,1.000
161.167,0.623,3580.659,0.000
157.157,0.614,6784.875,1.000
203.973,0.795,2907.542,0.000
960.961,3.738,21448.923,0.000
797.356,3.110,14245.151,0.000
375.022,1.465,11936.090,0.000
341.076,1.330,3813.643,0.000
393.442,1.527,26118.161,1.000
303.766,1.165,8795.775,0.000
174.623,0.682,4379.997,0.000
76.649,0.299,2597.040,1.000
295.022,1.151,13695.059,1.000
830.782,3.211,47354.465,1.000
1034.816,4.037,44299.412,1.000
184.559,0.717,6923.459,1.000
889.820,3.476,35320.496,1.000
650.774,2.537,19745.537,1.000
576.978,2.252,15595.612,1.000
158.084,0.617,2285.658,0.000
1083.384,4.230,51612.153,1.000
468.012,1.828,10056.751,0.000
335.992,1.310,10748.227,0.000
307.774,1.202,26164.473,1.000
876.139,3.419,26137.666,0.000
487.101,1.889,24904.136,1.000
911.612,3.561,38396.986,1.000
235.417,0.918,9383.556,1.000
560.878,2.191,20489.493,1.000
408.780,1.590,8106.210,0.000
219.061,0.848,3733.344,0.000
1156.856,4.508,46714.758,1.000
392.536,1.533,13475.747,1.000
241.934,0.943,2821.674,0.000
390.002,1.522,12096.709,1.000
796.942,3.112,21548.786,0.000
827.683,3.229,16025.133,0.000
693.372,2.640,19861.228,1.000
685.711,2.676,26969.163,1.000
695.150,2.715,12487.543,0.000
190.238,0.743,8458.519,1.000
607.173,2.371,16237.082,0.000
669.383,2.598,33457.686,1.000
549.247,2.145,21771.077,1.000
569.679,2.224,35879.379,1.000
380.165,1.476,9928.161,1.000
146.358,0.571,3731.951,0.000
418.861,1.636,19957.334,1.000
135.802,0.527,2584.294,0.000
412.955,1.608,32125.869,1.000
302.123,1.143,6633.845,0.000
579.185,2.250,26927.791,1.000
395.804,1.546,8105.735,0.000
562.677,2.172,23866.336,1.000
1294.580,5.056,68221.764,1.000
363.672,1.417,6044.636,0.000
182.114,0.711,5152.389,0.000
907.010,3.542,27385.481,0.000
1238.254,4.837,30537.841,1.000
682.865,2.667,24850.268,1.000
425.510,1.660,24895.171,1.000
832.500,3.242,39018.770,1.000
340.662,1.329,24491.092,1.000
819.060,3.194,19797.927,0.000
309.792,1.210,30932.512,1.000
771.679,3.004,47376.659,1.000
743.669,2.899,18661.328,1.000
235.346,0.900,5113.678,0.000
834.892,3.244,24268.295,0.000
205.891,0.804,13846.027,1.000
301.828,1.169,22825.388,1.000
231.319,0.904,8526.857,1.000
326.724,1.276,17487.454,1.000
270.908,1.058,6472.534,0.000
109.114,0.426,3817.942,1.000
881.191,3.422,23993.726,1.000
269.438,1.052,23160.199,1.000
69.892,0.273,2299.482,1.000
444.747,1.718,10959.618,0.000
545.161,2.118,8479.472,0.000
975.211,3.809,26378.355,1.000
218.567,0.853,8781.502,1.000
882.746,3.443,45726.926,1.000
226.582,0.884,7033.480,0.000
461.121,1.801,23065.174,1.000
838.939,3.275,45775.146,1.000
775.778,3.029,16470.546,0.000
897.926,3.503,30077.173,1.000
282.322,1.103,14789.771,1.000
177.921,0.692,5727.489,1.000
1310.011,5.117,55493.111,1.000
238.397,0.929,19432.001,1.000
444.254,1.735,40154.726,1.000
179.765,0.691,4646.741,0.000
112.207,0.438,2205.326,0.000
785.027,3.066,17280.270,0.000
357.268,1.395,5299.021,0.000
486.294,1.892,14768.507,1.000
553.144,2.160,38180.543,1.000
601.425,2.323,13293.466,0.000
277.064,1.079,3746.954,0.000
169.607,0.660,4266.061,0.000
571.391,2.231,17654.880,0.000
1219.414,4.752,57620.738,1.000
342.872,1.334,23202.675,1.000
234.701,0.916,5590.141,0.000
881.950,3.424,33563.512,1.000
249.900,0.975,21965.558,1.000
903.878,3.525,22412.997,0.000
893.466,3.398,13738.072,0.000
134.883,0.526,2898.474,0.000
661.625,2.558,10949.551,0.000
1011.985,3.949,22936.246,0.000
616.908,2.360,16609.075,0.000
673.328,2.629,14599.657,0.000
146.059,0.570,3113.876,0.000
737.631,2.879,20213.567,0.000
1246.399,4.868,66321.296,1.000
490.772,1.880,11358.159,0.000
700.095,2.734,16789.793,0.000
598.803,2.338,16885.218,0.000
1152.746,4.454,41060.672,1.000
325.028,1.262,10270.054,1.000
169.496,0.662,8524.339,1.000
184.725,0.719,5401.965,0.000
1142.273,4.436,28368.870,0.000
402.069,1.568,13579.677,1.000
308.679,1.204,6734.419,0.000
381.356,1.490,29162.932,1.000
334.148,1.301,3615.425,0.000
930.783,3.602,49576.404,1.000
408.840,1.595,33137.469,1.000
594.229,2.319,12811.603,0.000
678.905,2.650,12456.313,0.000
512.583,2.002,11263.101,0.000
658.907,2.573,17672.081,0.000
156.058,0.600,3932.945,0.000
1049.199,4.086,27246.631,0.000
188.764,0.737,5963.865,0.000
575.690,2.248,38038.754,1.000
396.990,1.551,14874.156,1.000
125.934,0.491,3160.747,0.000
250.978,0.980,4991.140,0.000
210.379,0.822,17615.341,1.000
422.721,1.651,24154.135,1.000
157.044,0.613,2765.063,0.000
344.864,1.345,10082.057,0.000
982.821,3.822,32533.817,1.000
117.437,0.458,2550.603,0.000
269.179,1.051,3015.820,0.000
346.683,1.354,8347.719,1.000
313.682,1.208,4186.543,0.000
1093.943,4.269,33013.225,0.000
115.889,0.452,3309.432,0.000
963.626,3.764,40273.617,1.000
827.390,3.232,16303.137,0.000
668.331,2.607,16918.462,0.000
709.970,2.757,20020.836,0.000
373.026,1.454,9312.087,1.000
463.368,1.810,43553.813,1.000
169.056,0.659,9725.015,1.000
797.279,3.106,46958.081,1.000
796.499,3.111,31018.524,1.000
231.741,0.904,8089.449,1.000
215.844,0.843,18858.509,1.000
245.726,0.955,8509.513,1.000
684.220,2.672,12009.492,0.000
611.576,2.388,15116.413,0.000
778.380,3.040,33858.211,1.000
640.929,2.495,27270.195,1.000
547.116,2.137,14765.175,1.000
885.835,3.438,25460.855,0.000
738.642,2.885,49408.457,1.000
884.579,3.453,19107.434,1.000
176.325,0.689,6728.600,1.000
604.120,2.352,13981.773,0.000
209.747,0.815,4934.019,1.000
702.319,2.735,17065.973,0.000
711.660,2.780,17722.772,1.000
721.962,2.801,19963.831,0.000
964.902,3.758,20467.131,0.000
829.436,3.238,24747.104,0.000
144.242,0.561,2853.376,0.000
558.882,2.183,14597.963,0.000
626.005,2.445,31498.388,1.000
209.144,0.814,4882.306,0.000
176.981,0.691,4900.442,0.000
193.283,0.755,7101.331,1.000
362.043,1.411,19500.752,1.000
254.524,0.994,3156.504,0.000
865.707,3.370,29145.738,0.000
464.381,1.814,33244.726,1.000
667.993,2.606,12389.670,0.000
935.622,3.646,31806.074,1.000
1207.884,4.717,31443.153,0.000
836.669,3.264,41208.436,1.000
429.645,1.675,10669.835,0.000
1340.544,5.200,70986.718,1.000
290.815,1.136,19282.147,1.000
268.771,1.049,11497.507,1.000
341.169,1.330,8705.972,0.000
252.024,0.984,19075.507,1.000
248.131,0.969,24812.525,1.000
565.732,2.209,29340.580,1.000
396.643,1.542,9262.165,0.000
796.440,3.110,17771.241,1.000
381.685,1.474,12355.189,0.000
460.545,1.794,29645.060,1.000
661.165,2.581,28075.722,1.000
520.921,2.030,14540.078,0.000
982.972,3.831,46268.651,1.000
1108.383,4.320,45529.822,1.000
665.564,2.578,13927.732,0.000
466.464,1.809,14949.060,0.000
159.628,0.623,3610.861,0.000
122.035,0.475,4420.826,1.000
355.016,1.383,24461.412,1.000
213.798,0.829,5290.759,0.000
481.764,1.876,15021.562,1.000
867.360,3.388,22774.782,0.000
472.563,1.846,35214.394,1.000
420.104,1.626,14683.725,1.000
969.842,3.775,23331.190,0.000
701.516,2.740,23356.553,1.000
450.165,1.751,12803.162,0.000
448.928,1.754,24931.406,1.000
667.618,2.581,14064.214,0.000
362.581,1.416,10516.115,0.000
689.533,2.656,25046.430,0.000
886.380,3.460,41593.842,1.000
361.329,1.406,7610.722,0.000
324.732,1.264,9829.229,0.000
115.565,0.450,2259.827,0.000
219.404,0.857,6429.198,0.000
856.891,3.332,33519.744,1.000
113.518,0.443,2892.435,0.000
303.488,1.185,26320.663,1.000
328.656,1.282,11936.733,0.000
292.221,1.137,20593.417,1.000
512.544,1.986,17585.417,1.000
698.099,2.724,34170.457,1.000
83.354,0.326,2780.849,0.000
289.819,1.132,7798.026,0.000
228.495,0.893,14853.321,1.000
112.541,0.440,2534.891,0.000
653.468,2.542,11648.754,0.000
649.196,2.534,20070.545,1.000
955.402,3.668,30768.936,0.000
428.035,1.668,8471.484,0.000
237.501,0.924,6514.299,0.000
265.999,1.039,3835.019,0.000
289.281,1.129,5953.133,1.000
184.651,0.718,4392.786,0.000
290.225,1.133,6485.207,0.000
596.774,2.322,22431.463,1.000
287.984,1.118,21287.168,1.000
430.534,1.682,36341.843,1.000
748.351,2.906,41260.348,1.000
981.601,3.788,24158.285,0.000
558.749,2.179,10027.766,0.000
897.621,3.499,34288.396,1.000
657.170,2.565,31265.310,1.000
199.725,0.780,5131.479,0.000
961.000,3.749,24870.584,0.000
507.346,1.963,12094.933,0.000
604.450,2.337,11943.097,0.000
275.291,1.075,24597.771,1.000
136.788,0.533,2360.538,0.000
319.127,1.246,7708.663,1.000
117.250,0.454,7566.959,1.000
886.392,3.427,40205.280,1.000
430.125,1.678,9912.105,0.000
922.107,3.598,25124.633,1.000
592.511,2.312,26902.964,1.000
115.497,0.450,3097.577,0.000
329.340,1.280,15227.434,1.000
800.723,3.127,18985.107,0.000
164.169,0.640,7534.356,1.000
480.147,1.875,27401.065,1.000
183.332,0.716,11640.154,1.000
340.696,1.316,8939.639,0.000
182.593,0.713,3358.320,0.000
164.494,0.642,4912.880,0.000
840.860,3.266,37355.720,1.000
607.113,2.357,27293.307,1.000
313.751,1.224,14774.844,1.000
320.357,1.251,20685.251,1.000
1138.576,4.379,40066.251,1.000
244.818,0.949,3066.775,0.000
167.570,0.653,6224.949,1.000
141.160,0.551,8692.978,1.000
658.712,2.569,13650.583,0.000
130.264,0.509,4387.915,1.000
621.052,2.423,18160.766,0.000
213.595,0.822,5909.559,0.000
900.317,3.491,24496.913,0.000
367.086,1.433,28134.117,1.000
239.030,0.929,4184.066,0.000
85.922,0.329,2183.486,0.000
85.308,0.333,2019.717,0.000
679.594,2.651,17325.243,1.000
107.286,0.407,2075.713,0.000
705.297,2.754,15206.079,0.000
917.801,3.580,18910.765,0.000
446.442,1.744,41834.348,1.000
344.882,1.343,13216.762,1.000
96.192,0.373,2919.960,0.000
710.610,2.742,22314.884,1.000
332.529,1.299,16609.735,1.000
634.885,2.469,16429.576,0.000
235.754,0.909,5291.592,0.000
453.823,1.770,27097.218,1.000
258.556,1.006,12963.132,1.000
569.984,2.225,14651.057,0.000
265.217,1.035,26333.489,1.000
350.198,1.352,7241.656,0.000
486.471,1.900,9782.263,0.000
656.676,2.563,26804.493,1.000
224.249,0.875,5180.878,0.000
1199.176,4.684,26186.473,0.000
261.159,1.017,6587.142,0.000
449.743,1.741,14415.389,0.000
542.586,2.117,13070.275,0.000
333.129,1.282,6651.369,0.000
372.762,1.454,33424.690,1.000
548.742,2.126,15654.724,1.000
1016.620,3.942,16818.464,0.000
171.418,0.669,3492.979,0.000
114.251,0.446,3727.289,0.000
100.269,0.385,2387.436,0.000
805.594,3.147,13385.199,0.000
381.770,1.490,7046.774,0.000
206.122,0.805,15887.524,1.000
395.787,1.527,13176.255,1.000
899.423,3.486,20469.486,0.000
500.785,1.956,15391.199,1.000
124.065,0.485,3840.711,0.000
471.195,1.836,12480.207,0.000
89.020,0.347,4307.249,1.000
326.007,1.263,14815.749,1.000
298.664,1.163,19591.007,1.000
214.281,0.834,14327.019,1.000
303.622,1.186,6991.793,0.000
231.920,0.905,15086.088,1.000
468.514,1.830,29087.227,1.000
432.190,1.662,10447.514,1.000
283.477,1.106,5943.018,0.000
453.241,1.766,21425.649,1.000
555.406,2.152,13395.788,0.000
106.181,0.414,3800.310,1.000
304.031,1.187,7635.622,0.000
460.967,1.795,10708.464,0.000
99.832,0.390,2373.635,0.000
637.141,2.486,13833.225,0.000
169.228,0.660,13897.657,1.000
384.443,1.502,12833.050,1.000
747.238,2.918,17430.510,0.000
280.710,1.094,4070.193,0.000
362.036,1.407,17620.916,1.000
147.782,0.576,3797.783,0.000
220.005,0.857,3423.611,0.000
859.884,3.359,31172.886,1.000
897.689,3.498,28487.569,1.000
454.292,1.755,16037.437,1.000
496.651,1.926,12162.085,0.000
606.369,2.362,15619.390,1.000
546.036,2.117,16675.531,1.000
243.739,0.947,5238.531,0.000
305.230,1.192,6585.712,0.000
460.077,1.788,9382.804,0.000
356.604,1.393,7444.753,0.000
659.876,2.560,45471.871,1.000
164.831,0.638,4962.215,1.000
591.981,2.296,26597.429,1.000
686.369,2.680,18898.859,1.000
321.343,1.255,13249.748,1.000
254.042,0.992,8880.595,1.000
652.865,2.530,17249.363,0.000
149.624,0.584,2924.252,0.000
806.125,3.144,23181.590,1.000
546.134,2.122,16307.312,1.000
135.996,0.527,2912.967,0.000
675.971,2.640,10313.996,0.000
344.891,1.347,22350.218,1.000
903.770,3.530,22062.025,0.000
213.335,0.833,5112.214,0.000
658.998,2.568,38237.463,1.000
744.824,2.906,40104.811,1.000
527.266,2.058,15799.399,1.000
332.808,1.289,4190.386,0.000
411.460,1.607,16311.789,1.000
745.894,2.910,28638.558,1.000
516.325,2.016,12624.452,0.000
567.569,2.194,29930.022,1.000
1188.862,4.643,25661.280,0.000
155.811,0.608,4760.784,0.000
75.395,0.294,1741.862,0.000
959.536,3.732,24275.172,0.000
234.070,0.913,5627.718,0.000
869.180,3.394,26765.763,1.000
487.535,1.871,26804.903,1.000
808.095,3.156,18281.096,0.000
560.663,2.187,7602.293,0.000
691.202,2.695,16417.168,0.000
124.561,0.485,3157.490,0.000
416.524,1.627,7760.132,0.000
895.221,3.497,20269.683,1.000
989.821,3.852,28113.699,0.000
339.271,1.313,8410.851,0.000
375.765,1.465,19575.863,1.000
435.544,1.694,9099.196,0.000
546.810,2.134,20379.759,1.000
652.096,2.547,17184.145,0.000
340.754,1.331,30426.645,1.000
211.255,0.822,12122.963,1.000
248.540,0.971,14682.742,1.000
245.610,0.955,4702.106,0.000
801.756,3.128,19823.383,1.000
1116.062,4.346,51421.023,1.000
145.704,0.564,5113.040,0.000
1149.018,4.487,47609.730,1.000
447.764,1.747,20559.059,1.000
800.053,3.043,22008.890,0.000
131.175,0.512,2615.360,0.000
521.294,2.013,10586.575,0.000
244.108,0.954,15281.182,1.000
854.502,3.324,28358.574,1.000
595.038,2.318,30439.065,1.000
406.663,1.586,33919.340,1.000
607.135,2.355,28772.752,1.000
789.731,3.069,33715.735,1.000
660.113,2.578,16741.083,0.000
623.455,2.418,13626.833,0.000
234.610,0.916,7438.961,0.000
170.661,0.665,4642.781,0.000
119.120,0.465,6936.219,1.000
748.471,2.900,14409.575,0.000
627.092,2.448,46462.519,1.000
188.157,0.734,3679.307,0.000
750.925,2.931,18280.518,0.000
981.031,3.742,21905.417,0.000
823.123,3.214,15158.036,0.000
422.768,1.636,11108.981,1.000
131.699,0.512,4045.590,1.000
141.373,0.551,2327.463,0.000
657.387,2.565,35171.217,1.000
782.406,3.034,25911.133,0.000
804.400,3.092,24311.933,1.000
198.901,0.777,2047.724,0.000
640.492,2.501,12280.382,0.000
953.787,3.723,17254.728,1.000
1190.733,4.634,41096.790,1.000
223.554,0.872,4495.914,0.000
437.099,1.707,31037.260,1.000
746.147,2.912,25470.572,0.000
736.491,2.858,18239.130,0.000
192.547,0.749,12601.383,1.000
427.511,1.666,7934.132,0.000
737.550,2.881,12260.347,0.000
757.443,2.947,9866.383,0.000
829.242,3.223,19588.936,0.000
257.013,1.004,6396.646,0.000
756.240,2.954,25339.378,1.000
196.142,0.760,9082.800,1.000
219.134,0.856,5341.429,0.000
557.590,2.176,13083.446,0.000
1405.687,5.489,31162.638,0.000
678.088,2.647,28239.121,1.000
1004.975,3.879,25859.427,0.000
232.469,0.908,6116.979,0.000
304.281,1.188,6004.157,0.000
90.288,0.348,1769.470,0.000
274.243,1.068,7296.726,0.000
867.353,3.382,28374.568,0.000
109.218,0.427,2999.597,0.000
78.741,0.307,1797.523,0.000
221.893,0.866,19540.825,1.000
470.776,1.818,10871.278,0.000
694.555,2.712,23298.898,0.000
321.025,1.253,26619.356,1.000
354.216,1.378,13822.431,1.000
336.045,1.313,6310.714,0.000
440.088,1.705,8630.192,0.000
98.137,0.383,2770.363,0.000
836.607,3.267,21668.506,1.000
1019.972,3.984,39648.036,1.000
348.341,1.345,9050.902,0.000
129.305,0.504,3164.262,0.000
1095.117,4.272,26505.376,0.000
100.231,0.391,2725.252,0.000
924.919,3.613,31271.571,1.000
636.489,2.486,13779.267,0.000
425.282,1.661,22419.783,1.000
1095.304,4.278,40951.750,1.000
178.073,0.696,3599.683,0.000
677.750,2.639,44029.539,1.000
661.726,2.583,17960.263,1.000
366.587,1.432,6948.372,0.000
678.901,2.651,19859.357,0.000
533.364,2.083,45339.550,1.000
499.696,1.929,16234.013,0.000
441.055,1.719,23359.844,1.000
921.454,3.598,20024.875,0.000
344.804,1.334,8171.498,1.000
724.127,2.825,35699.536,1.000
340.443,1.325,11982.277,1.000
387.136,1.512,29158.400,1.000
985.197,3.838,15973.374,0.000
982.179,3.779,18543.895,0.000
364.349,1.422,11868.108,1.000
595.739,2.298,19359.417,1.000
813.852,3.115,28889.629,1.000
456.109,1.772,29006.459,1.000
379.363,1.479,9087.015,0.000
323.593,1.263,4746.080,0.000
502.425,1.953,13369.479,0.000
807.392,3.130,35018.452,1.000
390.601,1.520,25213.157,1.000
320.739,1.251,13224.439,1.000
371.027,1.438,9511.844,0.000
80.373,0.314,1952.301,0.000
727.697,2.838,12454.424,0.000
321.048,1.254,5667.629,0.000
519.642,2.027,7475.753,0.000
161.109,0.627,3456.037,0.000
497.983,1.938,10099.010,1.000
975.977,3.798,26787.115,0.000
414.359,1.619,28441.233,1.000
290.145,1.129,17093.692,1.000
386.098,1.508,37001.147,1.000
209.449,0.801,5154.519,0.000
183.879,0.717,3826.329,1.000
445.944,1.729,25874.855,1.000
757.746,2.953,23016.344,1.000
245.933,0.960,16898.911,1.000
557.804,2.177,13881.076,0.000
659.360,2.576,20541.650,0.000
171.993,0.667,12306.512,1.000
215.205,0.838,3646.054,0.000
381.888,1.492,28140.881,1.000
347.565,1.351,7676.016,0.000
690.714,2.690,13858.461,0.000
252.933,0.985,4986.118,0.000
1042.685,4.071,28619.469,0.000
224.410,0.876,5936.883,1.000
872.794,3.403,25400.603,1.000
1091.639,4.224,27627.654,0.000
179.151,0.699,4797.627,0.000
160.800,0.627,10452.168,1.000
512.620,2.000,28312.574,1.000
1308.891,5.108,55776.423,1.000
318.076,1.238,7038.987,0.000
895.064,3.484,24269.720,1.000
156.056,0.609,3212.409,0.000
529.229,2.052,13176.181,0.000
483.951,1.890,14946.441,0.000
252.139,0.985,12852.299,1.000
201.513,0.784,16362.040,1.000
880.019,3.435,29778.325,1.000
578.779,2.251,12132.459,0.000
980.971,3.830,26507.004,0.000
321.896,1.257,21973.979,1.000
818.573,3.187,12662.861,0.000
760.338,2.967,20772.957,1.000
398.342,1.556,4841.574,0.000
141.375,0.551,10306.309,1.000
94.177,0.366,5469.441,1.000
127.769,0.497,2575.412,0.000
111.499,0.435,5276.339,1.000
743.332,2.894,22110.184,0.000
700.025,2.732,31034.243,1.000
472.177,1.840,7234.205,0.000
141.075,0.551,10603.490,1.000
339.052,1.321,17159.777,1.000
370.644,1.446,13225.556,1.000
367.381,1.433,10808.260,0.000
68.156,0.266,2262.869,0.000
609.252,2.380,13317.146,0.000
322.630,1.260,8709.744,0.000
1001.457,3.912,51276.773,1.000
662.019,2.565,26993.028,1.000
543.942,2.125,23684.558,1.000
377.282,1.452,8977.142,0.000
1006.344,3.881,21640.358,0.000
559.522,2.162,13046.126,1.000
538.604,2.103,11142.908,0.000
340.722,1.331,9762.641,0.000
395.090,1.536,4090.416,0.000
694.563,2.706,32157.964,1.000
75.268,0.294,1950.104,0.000
526.863,2.058,11733.594,0.000
1007.906,3.927,23108.503,0.000
336.566,1.315,9817.292,0.000
428.464,1.674,24365.921,1.000
74.653,0.291,1775.422,0.000
160.020,0.603,4069.788,0.000
554.838,2.165,39499.049,1.000
323.404,1.257,9097.968,0.000
242.582,0.948,5468.550,0.000
756.959,2.921,19044.939,0.000
144.433,0.563,4259.846,0.000
202.387,0.777,5315.360,1.000
211.375,0.825,8126.816,1.000
208.537,0.813,4415.296,0.000
768.137,2.987,16759.699,0.000
416.042,1.616,11752.287,0.000
742.058,2.887,38385.178,1.000
624.209,2.436,24267.166,1.000
457.851,1.788,11395.268,1.000
428.547,1.671,11291.888,0.000
119.371,0.466,3047.095,0.000
762.568,2.962,17044.850,1.000
491.224,1.915,29584.072,1.000
671.264,2.611,21411.988,0.000
885.623,3.453,19885.795,0.000
981.200,3.817,26613.813,0.000
656.355,2.562,9859.147,0.000
334.559,1.305,16853.265,1.000
870.147,3.399,29166.807,1.000
567.729,2.217,12762.338,0.000
220.984,0.844,7847.574,1.000
675.812,2.610,14509.843,0.000
781.524,3.034,17787.632,0.000
83.101,0.324,2136.029,0.000
78.513,0.307,2623.041,0.000
558.896,2.171,11581.839,1.000
585.285,2.284,14556.473,0.000
840.886,3.232,22676.605,1.000
816.351,3.187,54655.457,1.000
565.664,2.209,12503.987,0.000
775.387,3.019,16868.729,0.000
481.869,1.878,26642.800,1.000
350.359,1.363,11710.525,0.000
456.026,1.781,41614.368,1.000
767.807,2.957,12951.795,0.000
813.714,3.168,16424.651,0.000
530.800,2.063,9667.975,0.000
1112.813,4.281,40782.459,1.000
907.679,3.540,49253.761,1.000
618.578,2.416,15683.875,0.000
429.605,1.672,28250.703,1.000
380.703,1.473,9547.497,0.000
318.120,1.242,8703.119,1.000
118.254,0.461,8900.865,1.000
91.597,0.358,3668.447,1.000
690.809,2.698,24537.075,1.000
220.376,0.860,1764.388,0.000
265.686,1.032,7330.309,0.000
759.620,2.948,25224.511,1.000
172.076,0.667,9433.210,1.000
745.767,2.891,17459.661,0.000
863.207,3.372,34269.362,1.000
853.372,3.331,23815.906,1.000
820.796,3.185,21350.027,1.000
355.370,1.388,10553.391,1.000
513.790,2.007,13952.729,0.000
357.154,1.391,8114.907,0.000
753.680,2.944,24303.883,1.000
125.577,0.489,5732.944,1.000
276.304,1.078,5633.551,0.000
642.109,2.508,16323.227,0.000
780.998,3.027,25457.022,1.000
364.243,1.422,8974.812,0.000
325.981,1.270,8987.540,0.000
141.223,0.547,6421.431,1.000
527.089,2.055,14800.159,1.000
762.263,2.977,31004.006,1.000
442.221,1.727,7734.081,0.000
254.777,0.995,24920.352,1.000
118.557,0.461,3052.132,0.000
122.096,0.476,2641.712,0.000
323.465,1.263,29202.146,1.000
425.206,1.653,9265.696,1.000
720.276,2.801,19819.538,0.000
1120.655,4.334,52859.359,1.000
741.673,2.896,17857.495,1.000
918.026,3.581,16667.158,0.000
1084.096,4.205,47700.255,1.000
83.277,0.325,1655.378,0.000
478.383,1.867,9576.178,0.000
409.307,1.594,22348.065,1.000
825.401,3.224,45134.079,1.000
513.754,2.007,23493.987,1.000
370.174,1.440,10775.952,1.000
303.977,1.187,9578.702,1.000
173.293,0.677,8233.584,1.000
315.547,1.233,5689.739,0.000
433.710,1.685,9790.149,0.000
738.185,2.877,24698.492,0.000
420.071,1.640,27076.431,1.000
549.950,2.148,17508.140,1.000
736.806,2.873,24944.206,0.000
513.636,2.000,13834.422,0.000
82.624,0.321,1546.177,0.000
442.153,1.725,8430.819,0.000
618.117,2.375,14116.339,0.000
841.010,3.284,45972.134,1.000
1240.076,4.812,68160.904,1.000
286.175,1.117,8854.172,0.000
241.720,0.944,7367.064,0.000
176.977,0.691,12780.578,1.000
640.553,2.500,38060.802,1.000
71.409,0.279,2192.280,0.000
72.630,0.284,1523.441,0.000
501.392,1.958,15402.576,1.000
725.550,2.834,30144.637,1.000
897.609,3.503,20713.511,0.000
1327.049,5.150,61152.736,1.000
307.277,1.200,7510.031,0.000
942.386,3.627,21396.773,0.000
534.489,2.045,16297.230,0.000
445.689,1.739,20466.409,1.000
230.872,0.891,4995.123,0.000
231.155,0.899,6350.056,0.000
497.513,1.943,22333.720,1.000
1191.763,4.626,60221.707,1.000
146.843,0.573,3398.724,0.000
362.201,1.414,23867.194,1.000
203.072,0.793,3495.138,0.000
385.181,1.504,28214.089,1.000
883.095,3.441,29027.644,1.000
463.973,1.805,21912.687,1.000
408.115,1.594,5523.894,0.000
254.112,0.992,19039.567,1.000
832.834,3.251,21725.766,0.000
947.743,3.700,25595.116,1.000
650.010,2.539,16911.354,0.000
669.352,2.614,16784.414,0.000
513.040,2.003,11854.885,0.000
219.571,0.857,3927.592,0.000
724.962,2.831,24954.282,1.000
623.165,2.429,19640.016,0.000
290.689,1.135,20438.062,1.000
270.423,1.055,7052.990,0.000
817.738,3.191,25227.764,0.000
300.367,1.167,18099.365,1.000
94.984,0.371,1966.468,0.000
503.960,1.968,12041.048,0.000
273.669,1.065,16401.505,1.000
113.311,0.443,3116.629,1.000
119.018,0.463,3130.981,0.000
76.777,0.300,2179.706,0.000
398.029,1.544,36250.522,1.000
699.030,2.728,19905.041,0.000
1116.451,4.352,43815.872,1.000
500.562,1.953,10738.211,0.000
778.481,3.026,24202.956,1.000
483.381,1.867,18001.103,1.000
296.656,1.159,7258.928,1.000
461.771,1.802,13024.726,0.000
172.589,0.670,7246.230,1.000
358.391,1.400,32590.991,1.000
775.352,3.020,17723.709,0.000
78.792,0.308,2792.212,1.000
1168.523,4.558,42499.061,1.000
230.595,0.891,6777.876,0.000
155.776,0.607,4260.695,0.000
827.157,3.219,22149.941,0.000
121.188,0.472,2745.918,0.000
288.459,1.126,29857.401,1.000
380.991,1.463,4921.858,0.000
968.008,3.781,36499.377,1.000
434.335,1.688,12864.006,0.000
522.477,2.039,14690.448,0.000
144.451,0.564,1718.148,0.000
1002.446,3.915,22744.419,0.000
519.068,2.022,24255.406,1.000
276.627,1.079,3279.803,0.000
691.844,2.699,37149.360,1.000
737.978,2.848,19898.199,0.000
306.340,1.196,19602.289,1.000
199.240,0.776,2889.080,0.000
123.104,0.481,3411.436,0.000
674.909,2.604,33521.456,1.000
69.567,0.271,2187.976,0.000
732.506,2.843,16341.376,0.000
814.473,3.181,14004.446,0.000
552.153,2.142,19945.857,1.000
255.638,0.978,6719.955,1.000
491.429,1.890,14660.240,0.000
226.599,0.867,4556.508,0.000
264.597,1.034,24482.619,1.000
741.426,2.885,13259.214,0.000
825.942,3.226,13491.387,0.000
732.805,2.844,21963.974,0.000
503.521,1.961,12845.751,0.000
167.182,0.651,4470.209,1.000
1003.836,3.909,20558.890,0.000
144.716,0.562,2747.451,0.000
519.995,2.030,14298.842,0.000
536.533,2.084,14228.800,0.000
212.012,0.828,19746.438,1.000
506.751,1.976,12829.458,0.000
210.393,0.815,7651.153,1.000
532.841,2.081,12668.463,1.000
353.431,1.379,9836.623,1.000
399.247,1.555,9819.792,0.000
782.219,3.055,25489.946,1.000
803.848,3.097,16637.328,0.000
409.641,1.586,6465.192,0.000
1098.672,4.279,20125.921,0.000
235.189,0.893,6406.975,0.000
481.435,1.872,16417.375,0.000
995.866,3.889,25591.723,1.000
930.661,3.630,37191.600,1.000
780.714,3.048,25872.614,1.000
647.411,2.521,32743.314,1.000
425.855,1.647,8791.752,0.000
404.658,1.574,30684.104,1.000
103.807,0.405,3974.341,1.000
603.350,2.355,22533.981,1.000
134.289,0.525,3076.051,1.000
96.139,0.376,2624.748,0.000
327.770,1.276,6815.515,0.000
556.094,2.170,9338.664,0.000
333.299,1.299,11508.933,1.000
405.858,1.581,10798.298,0.000
267.541,1.040,10619.132,1.000
431.179,1.683,40483.729,1.000
207.911,0.809,5995.546,1.000
493.889,1.928,41256.285,1.000
247.104,0.964,8881.187,1.000
598.331,2.337,19071.272,0.000
608.945,2.375,10686.814,0.000
103.664,0.404,2758.793,0.000
887.749,3.426,35650.662,1.000
754.859,2.947,14928.481,0.000
550.326,2.133,20137.285,0.000
201.432,0.782,4919.080,0.000
120.114,0.469,6752.455,1.000
819.333,3.197,25396.982,1.000
890.492,3.450,25459.703,1.000
394.713,1.526,10038.735,0.000
642.352,2.509,34758.920,1.000
863.076,3.352,23450.137,1.000
1137.188,4.441,26902.849,0.000
186.651,0.726,7400.880,1.000
595.695,2.324,28858.371,1.000
356.174,1.391,29058.485,1.000
377.504,1.473,10556.218,0.000
439.544,1.683,11102.040,1.000
351.085,1.370,7838.613,0.000
128.355,0.501,3776.408,1.000
524.386,2.046,12010.485,0.000
311.008,1.214,21085.971,1.000
279.785,1.092,12010.891,1.000
250.832,0.979,13213.407,1.000
741.063,2.895,21965.924,0.000
745.177,2.904,17010.436,0.000
794.760,3.100,23240.016,0.000
163.689,0.636,3292.680,0.000
1131.563,4.420,33320.400,1.000
648.750,2.527,33594.587,1.000
326.774,1.272,9054.847,0.000
407.515,1.584,12091.532,0.000
1274.356,4.973,26751.741,0.000
572.956,2.238,21066.676,1.000
402.058,1.569,21109.948,1.000
973.148,3.799,21709.322,1.000
720.917,2.816,21801.789,1.000
1107.486,4.316,74912.351,1.000
437.923,1.708,27537.156,1.000
241.723,0.941,16668.931,1.000
128.239,0.500,4360.040,0.000
157.124,0.614,2285.969,0.000
135.447,0.528,3928.117,0.000
236.873,0.925,21088.691,1.000
130.012,0.506,3546.039,0.000
1023.960,3.987,38281.577,1.000
211.300,0.825,16954.798,1.000
475.768,1.858,32830.943,1.000
887.297,3.459,33994.839,1.000
479.253,1.871,19577.948,1.000
85.000,0.332,1580.980,0.000
261.372,1.021,4516.929,0.000
191.662,0.748,10278.463,1.000
755.835,2.914,21104.587,1.000
181.031,0.697,3943.919,0.000
262.710,1.026,25893.737,1.000
803.442,3.138,11025.078,0.000
136.943,0.535,4333.544,0.000
441.904,1.726,15474.746,1.000
774.384,3.023,33440.657,1.000
446.926,1.743,10078.071,0.000
182.450,0.712,2701.807,0.000
788.985,3.068,20514.582,0.000
295.797,1.155,3823.569,0.000
744.311,2.906,19410.108,0.000
714.172,2.781,21566.313,1.000
766.455,2.992,20979.560,0.000
203.343,0.794,3363.147,0.000
809.530,3.149,24693.423,0.000
967.190,3.748,26104.992,0.000
97.512,0.378,1618.336,0.000
203.623,0.795,6892.358,0.000
475.816,1.855,40972.365,1.000
1064.460,4.158,39614.241,1.000
280.610,1.094,6275.777,0.000
855.477,3.342,19306.435,0.000
775.602,3.020,20189.746,0.000
633.187,2.473,20484.087,1.000
474.669,1.853,10374.837,0.000
561.692,2.187,13914.070,0.000
85.890,0.335,1530.026,0.000
120.010,0.468,3212.917,0.000
572.509,2.186,10950.103,0.000
132.577,0.514,3879.255,0.000
375.314,1.459,7107.926,0.000
529.264,2.063,27960.009,1.000
163.582,0.639,4154.874,0.000
632.166,2.468,20420.233,0.000
397.522,1.549,6481.036,0.000
713.269,2.786,40587.781,1.000
1121.286,4.347,22417.659,0.000
799.636,3.117,25632.095,1.000
793.493,3.098,20416.373,0.000
950.782,3.710,21150.259,1.000
121.839,0.476,9319.618,1.000
518.820,1.995,12470.430,0.000
341.444,1.327,7415.639,0.000
1036.833,4.036,34561.098,1.000
893.302,3.481,18488.149,0.000
1299.502,4.991,41643.018,1.000
368.420,1.437,32698.507,1.000
277.109,1.081,22179.626,1.000
231.307,0.904,5280.183,0.000
406.748,1.583,6636.426,0.000
820.954,3.206,16801.422,0.000
674.531,2.615,12038.526,0.000
775.824,2.983,28815.079,1.000
897.996,3.485,26092.531,1.000
767.842,2.999,24602.690,1.000
733.137,2.864,22769.542,1.000
793.530,3.085,17668.088,0.000
784.355,3.064,17653.945,0.000
485.058,1.894,14802.617,1.000
764.736,2.986,39975.522,1.000
715.224,2.783,51262.307,1.000
241.620,0.942,19506.678,1.000
341.821,1.333,4238.761,0.000
506.854,1.978,17984.352,1.000
358.976,1.398,26723.039,1.000
1156.917,4.465,38153.016,1.000
505.039,1.965,7858.272,0.000
332.131,1.294,6339.214,0.000
176.335,0.681,5007.364,0.000
608.329,2.373,15568.655,0.000
326.833,1.275,9683.938,1.000
418.928,1.636,18395.141,1.000
823.113,3.214,20120.310,1.000
642.012,2.506,16297.807,0.000
477.981,1.860,11710.952,0.000
571.742,2.233,8513.757,0.000
1005.926,3.926,31973.894,1.000
302.022,1.179,4706.257,0.000
713.605,2.786,11804.108,0.000
632.173,2.455,9673.085,0.000
216.958,0.847,5789.324,0.000
420.901,1.626,14550.552,0.000
239.893,0.937,7294.198,0.000
675.495,2.634,22204.936,0.000
190.333,0.743,12706.664,1.000
309.866,1.210,6782.585,0.000
1044.219,4.077,44595.274,1.000
425.606,1.661,19334.139,1.000
381.682,1.490,36216.164,1.000
646.090,2.516,19536.762,0.000
793.679,3.094,47252.587,1.000
1173.954,4.552,44582.579,1.000
157.801,0.611,3907.504,0.000
932.223,3.637,49219.181,1.000
645.034,2.518,31502.939,1.000
141.399,0.552,7553.308,1.000
167.136,0.641,3588.124,0.000
321.344,1.252,22108.196,1.000
417.363,1.629,13031.422,1.000
630.722,2.462,21442.045,1.000
572.938,2.237,15188.127,1.000
112.922,0.441,1625.860,0.000
676.294,2.631,12092.875,1.000
1022.438,3.981,27805.385,1.000
1156.409,4.517,61720.174,1.000
731.249,2.825,30936.052,1.000
272.206,1.063,5299.557,0.000
748.332,2.914,28591.744,0.000
790.519,2.988,24836.807,0.000
578.154,2.252,13444.522,0.000
851.565,3.326,26806.843,0.000
293.399,1.146,15980.510,1.000
826.755,3.227,21492.426,0.000
1014.574,3.952,40783.480,1.000
1013.896,3.946,23745.348,1.000
370.987,1.434,14890.712,1.000
183.014,0.715,7909.354,1.000
290.765,1.136,9301.691,1.000
612.563,2.385,12749.793,0.000
559.294,2.184,47348.429,1.000
1140.666,4.392,26226.335,0.000
377.525,1.472,40478.313,1.000
173.609,0.677,4171.453,0.000
762.111,2.976,16921.907,1.000
1152.391,4.490,59869.137,1.000
158.883,0.621,11835.455,1.000
730.860,2.854,21809.233,0.000
129.142,0.504,3340.739,1.000
1004.343,3.899,28979.166,0.000
714.516,2.791,38342.417,1.000
436.823,1.701,24569.924,1.000
315.558,1.232,16294.578,1.000
781.823,3.050,18245.968,0.000
225.870,0.881,6342.726,1.000
576.090,2.239,17680.847,1.000
627.582,2.444,16161.243,0.000
147.631,0.577,4004.303,0.000
865.655,3.347,21418.002,0.000
158.380,0.618,4800.903,1.000
267.261,1.042,13222.307,1.000
233.797,0.912,5142.927,0.000
245.283,0.958,19865.295,1.000
440.249,1.711,15429.626,1.000
197.053,0.770,5243.393,0.000
476.296,1.860,36096.222,1.000
254.453,0.978,12243.019,1.000
215.815,0.835,6177.564,0.000
87.533,0.341,2854.831,0.000
278.346,1.087,27414.136,1.000
153.480,0.593,5697.900,1.000
384.257,1.492,26723.002,1.000
516.642,2.017,27546.110,1.000
327.047,1.278,7648.737,0.000
129.389,0.497,2609.940,0.000
799.561,3.091,18959.748,0.000
799.055,3.121,22467.246,0.000
123.896,0.483,4078.453,1.000
857.296,3.348,29982.982,0.000
121.356,0.472,3922.796,0.000
561.956,2.172,19008.913,0.000
480.216,1.876,38886.883,1.000
219.733,0.856,18208.746,1.000
788.449,3.072,20094.324,0.000
290.931,1.136,6598.054,0.000
1102.426,4.303,39184.842,1.000
688.560,2.686,17302.593,1.000
1189.139,4.604,61484.450,1.000
832.641,3.252,17339.961,0.000
224.437,0.872,13587.536,1.000
438.894,1.714,11323.121,0.000
107.434,0.420,2266.355,0.000
979.178,3.823,51521.887,1.000
500.131,1.947,17294.515,1.000
303.011,1.181,23025.218,1.000
176.195,0.687,11517.463,1.000
275.481,1.076,2061.842,0.000
745.873,2.911,48856.078,1.000
629.207,2.433,26327.602,1.000
535.663,2.089,35721.973,1.000
516.338,1.996,36771.258,1.000
237.321,0.927,6293.797,0.000
831.241,3.230,27431.606,0.000
441.809,1.707,11533.655,0.000
470.780,1.835,17813.691,1.000
448.742,1.753,22694.783,1.000
1041.309,4.051,17858.094,1.000
97.971,0.377,2212.056,0.000
334.204,1.301,23723.715,1.000
172.401,0.673,2243.192,0.000
165.315,0.643,10428.193,1.000
402.422,1.572,17088.425,1.000
758.284,2.962,29218.945,1.000
235.766,0.918,7859.910,1.000
971.310,3.783,56670.207,1.000
610.507,2.370,20367.331,1.000
949.327,3.693,37234.752,1.000
504.383,1.958,10916.977,0.000
294.800,1.146,6810.433,0.000
962.324,3.756,31867.466,0.000
616.393,2.399,26436.250,1.000
523.136,2.031,19339.158,1.000
613.823,2.397,31130.676,1.000
461.456,1.758,6263.850,0.000
791.861,3.077,11644.017,0.000
661.324,2.583,31841.458,1.000
919.563,3.588,18088.999,0.000
662.635,2.568,15585.317,0.000
562.851,2.193,16140.140,0.000
255.609,0.998,9425.653,1.000
146.460,0.572,5880.853,1.000
85.858,0.334,2736.665,0.000
214.127,0.835,8350.348,1.000
574.790,2.245,15831.937,0.000
371.617,1.451,10614.780,0.000
913.968,3.568,27213.557,1.000
687.033,2.677,12143.613,0.000
517.143,2.019,17644.284,0.000
492.387,1.916,38491.245,1.000
994.762,3.866,27436.996,1.000
1176.219,4.591,29150.539,1.000
453.820,1.763,14367.869,1.000
209.273,0.813,15647.280,1.000
737.248,2.877,17274.524,0.000
876.879,3.408,24737.627,0.000
978.549,3.815,20894.472,0.000
368.312,1.418,12068.346,0.000
334.652,1.305,21962.105,1.000
262.236,1.024,5699.270,0.000
814.221,3.180,28494.588,1.000
900.372,3.517,26784.276,0.000
62.611,0.245,1267.011,0.000
176.531,0.686,6070.505,0.000
445.767,1.728,38594.592,1.000
475.391,1.852,18138.275,1.000
313.531,1.224,10232.415,0.000
705.940,2.753,14485.060,0.000
110.800,0.423,2797.246,0.000
644.239,2.505,33777.034,1.000
306.397,1.180,7084.819,0.000
953.810,3.723,22950.508,1.000
1036.376,4.048,22823.476,0.000
751.110,2.931,18060.243,0.000
162.564,0.633,9593.819,1.000
538.292,2.103,10667.242,0.000
618.789,2.368,9349.288,0.000
309.783,1.210,8565.561,0.000
679.353,2.630,19259.934,1.000
418.099,1.633,28536.401,1.000
628.800,2.429,23309.199,1.000
461.911,1.797,9103.864,0.000
690.753,2.694,15150.300,0.000
721.810,2.819,31807.422,1.000
778.276,3.039,16179.850,1.000
892.235,3.485,34819.615,1.000
235.209,0.919,4615.674,0.000
647.370,2.529,19572.041,1.000
1332.291,5.204,63564.402,1.000
517.969,2.022,12413.322,1.000
506.398,1.967,17806.011,1.000
471.742,1.825,41246.186,1.000
523.646,2.038,25017.392,1.000
637.391,2.488,12872.895,0.000
789.229,3.069,40175.603,1.000
232.436,0.908,7374.398,0.000
406.041,1.567,15597.502,1.000
434.279,1.696,25186.692,1.000
208.292,0.814,5320.173,0.000
1147.458,4.463,51057.653,1.000
132.662,0.518,1417.933,0.000
1059.358,4.138,38629.247,1.000
739.072,2.886,38059.545,1.000
579.480,2.259,16549.899,0.000
228.649,0.871,5122.158,0.000
135.730,0.530,2593.235,0.000
522.508,2.041,25393.933,1.000
180.520,0.696,7462.761,1.000
621.679,2.428,15955.421,0.000
110.557,0.432,2171.494,0.000
304.429,1.189,3745.812,0.000
337.018,1.316,4238.512,0.000
185.715,0.721,5660.767,0.000
687.366,2.681,15575.769,1.000
117.697,0.459,1891.938,0.000
208.531,0.813,3998.642,0.000
149.591,0.584,3593.063,0.000
856.618,3.340,19538.558,0.000
331.264,1.294,34073.568,1.000
181.294,0.704,4673.164,0.000
298.561,1.166,30867.614,1.000
917.383,3.582,15665.162,0.000
868.589,3.379,29652.221,1.000
326.951,1.277,32468.909,1.000
920.072,3.582,25199.190,1.000
177.411,0.693,11481.828,1.000
127.970,0.500,10130.162,1.000
73.393,0.287,2402.100,0.000
1153.684,4.505,30089.377,1.000
890.001,3.468,28811.745,1.000
349.089,1.352,10451.102,0.000
818.565,3.197,35299.727,1.000
194.362,0.759,9004.006,1.000
889.480,3.470,39216.715,1.000
194.256,0.753,7541.426,1.000
225.687,0.880,17576.661,1.000
1032.547,4.028,32196.205,1.000
301.772,1.177,7475.964,0.000
76.587,0.295,1869.221,0.000
303.748,1.175,7429.441,0.000
278.481,1.087,6537.046,0.000
329.321,1.286,13313.619,1.000
839.444,3.275,40749.798,1.000
382.495,1.487,23345.310,1.000
285.861,1.115,20818.808,1.000
166.023,0.648,4058.155,0.000
457.371,1.783,34801.281,1.000
528.425,2.058,12983.616,1.000
792.217,3.091,34132.067,1.000
388.851,1.516,12196.196,0.000
320.576,1.252,3400.754,0.000
633.544,2.472,41073.752,1.000
752.448,2.939,21339.035,0.000
169.559,0.661,12013.236,1.000
684.902,2.651,17413.603,0.000
450.555,1.760,40021.077,1.000
373.454,1.459,9181.857,0.000
377.582,1.464,8300.435,0.000
270.892,1.054,18536.870,1.000
612.861,2.354,13009.311,0.000
443.303,1.701,9666.926,0.000
520.038,2.028,16612.805,1.000
151.690,0.593,4750.898,0.000
387.029,1.509,18072.129,1.000
967.453,3.767,25355.161,1.000
347.375,1.322,8578.761,0.000
248.941,0.972,5296.579,0.000
486.398,1.898,8101.785,1.000
153.906,0.601,3057.468,0.000
826.228,3.204,46747.031,1.000
212.931,0.831,12923.366,1.000
592.975,2.316,43031.769,1.000
993.312,3.849,53337.092,1.000
1337.299,5.224,49267.494,1.000
321.896,1.257,34083.875,1.000
206.151,0.804,13094.038,1.000
366.723,1.430,22317.910,1.000
766.049,2.990,37656.453,1.000
257.118,1.004,4038.026,0.000
590.047,2.302,25733.190,1.000
498.650,1.942,27942.494,1.000
665.154,2.573,18666.667,0.000
179.861,0.703,4591.067,0.000
806.238,3.148,25427.099,0.000
793.247,3.056,17357.498,0.000
392.626,1.512,10271.133,0.000
1011.259,3.912,28578.642,1.000
374.154,1.447,8291.318,0.000
197.965,0.771,13294.391,1.000
539.280,2.091,14945.449,1.000
995.787,3.872,31329.001,0.000
1091.025,4.249,49238.524,1.000
345.883,1.345,8529.413,1.000
967.348,3.773,26583.783,0.000
853.094,3.320,19187.477,0.000
240.331,0.938,1681.528,0.000
87.648,0.342,2837.373,0.000
252.987,0.981,6000.750,0.000
679.137,2.643,22535.603,1.000
146.613,0.570,8398.342,1.000
86.995,0.339,2113.892,0.000
504.103,1.968,18071.131,1.000
175.254,0.684,3774.032,0.000
546.954,2.136,11371.992,0.000
990.055,3.850,23691.109,0.000
777.256,3.036,45192.127,1.000
549.077,2.141,18739.719,1.000
381.736,1.491,6521.196,0.000
959.709,3.737,43871.922,1.000
186.554,0.728,3571.500,0.000
312.126,1.218,4336.915,0.000
208.657,0.815,5524.770,0.000
380.848,1.485,33725.250,1.000
878.675,3.432,14440.161,0.000
416.460,1.627,39789.171,1.000
109.090,0.426,6823.308,1.000
321.363,1.246,7243.872,0.000
986.916,3.852,28796.833,1.000
999.431,3.877,49934.911,1.000
101.312,0.396,5765.203,1.000
260.195,1.013,14720.742,1.000
306.853,1.194,11109.416,1.000
264.575,1.028,6371.855,0.000
800.548,3.119,23783.229,0.000
170.654,0.665,4719.543,1.000
1024.062,3.987,54484.337,1.000
855.877,3.343,22838.063,0.000
1099.271,4.275,25485.343,1.000
134.722,0.524,2958.069,0.000
126.049,0.492,2365.513,0.000
631.991,2.464,11647.027,0.000
122.101,0.477,3382.417,0.000
402.738,1.572,13498.288,1.000
324.725,1.268,29336.144,1.000
246.900,0.964,9808.928,1.000
662.986,2.572,17926.443,1.000
311.390,1.212,8400.709,1.000
249.594,0.974,11710.154,1.000
352.051,1.375,15519.894,1.000
523.282,2.044,18064.615,0.000
354.259,1.380,9237.368,0.000
240.053,0.938,4311.195,0.000
705.425,2.755,15164.940,0.000
1140.618,4.453,29000.501,1.000
665.761,2.597,48495.035,1.000
196.720,0.767,6704.196,1.000
566.987,2.209,13532.986,1.000
517.920,2.022,10506.521,1.000
256.835,0.996,13276.287,1.000
134.874,0.520,8158.783,1.000
745.530,2.899,18337.672,1.000
199.203,0.778,8853.030,1.000
705.554,2.756,45629.106,1.000
1103.413,4.239,24699.195,0.000
940.083,3.672,28988.417,1.000
985.708,3.843,19413.434,0.000
489.372,1.896,6858.581,0.000
474.779,1.851,18834.581,1.000
738.394,2.883,48122.029,1.000
812.989,3.173,19369.339,0.000
797.095,3.110,17302.970,0.000
417.809,1.628,18718.123,1.000
597.761,2.335,12906.449,0.000
314.381,1.227,7073.063,1.000
759.582,2.967,16236.873,0.000
110.854,0.433,3667.316,0.000
197.765,0.772,5408.641,0.000
1019.981,3.974,32832.300,0.000
729.695,2.849,21520.022,1.000
222.019,0.867,7254.811,1.000
87.607,0.342,2083.668,0.000
800.643,3.122,23649.814,1.000
890.666,3.462,13590.544,0.000
653.966,2.541,20883.122,1.000
553.484,2.161,11781.181,0.000
190.496,0.744,5074.634,0.000
458.670,1.792,25113.768,1.000
188.396,0.735,6350.667,0.000
458.574,1.761,10702.346,0.000
140.085,0.547,3715.866,0.000
885.377,3.458,28346.561,1.000
182.584,0.710,13765.274,1.000
333.091,1.299,8314.346,1.000
777.618,3.034,52513.405,1.000
281.547,1.100,8904.778,0.000
914.055,3.566,48001.181,1.000
1048.928,4.079,46163.339,1.000
972.990,3.786,44722.115,1.000
834.847,3.241,12718.281,0.000
308.425,1.205,10084.103,1.000
522.165,2.037,21732.176,1.000
358.800,1.401,11406.739,0.000
333.438,1.300,10383.913,1.000
1038.317,4.022,29150.261,0.000
746.072,2.914,20962.935,1.000
417.112,1.628,18661.794,1.000
715.079,2.783,18764.291,1.000
406.209,1.566,20679.700,1.000
150.509,0.586,3758.413,0.000
1010.705,3.945,27191.278,1.000
1023.609,3.972,34096.989,1.000
963.479,3.759,29096.096,1.000
476.329,1.856,11500.007,0.000
943.684,3.686,23001.539,0.000
589.065,2.296,16663.811,0.000
713.598,2.775,21480.418,1.000
762.140,2.976,49892.529,1.000
866.931,3.365,19316.459,1.000
532.802,2.072,18611.673,0.000
819.644,3.196,17001.641,0.000
683.354,2.658,25399.057,1.000
1085.274,4.238,21419.636,1.000
66.595,0.259,1447.082,0.000
772.583,3.018,13440.003,0.000
1219.002,4.757,68632.519,1.000
251.046,0.980,4909.236,0.000
338.769,1.300,10389.588,0.000
672.156,2.596,15067.109,0.000
592.104,2.311,21461.960,1.000
228.924,0.894,19770.765,1.000
111.699,0.433,2734.487,0.000
80.512,0.314,1884.236,0.000
324.574,1.265,9336.656,0.000
605.335,2.325,12181.266,0.000
922.608,3.604,32768.066,1.000
598.267,2.332,9294.752,0.000
443.525,1.726,10086.223,0.000
672.693,2.621,18604.583,0.000
972.064,3.796,28057.213,0.000
419.533,1.625,8436.472,0.000
275.994,1.078,4735.595,0.000
957.133,3.734,17029.679,0.000
356.486,1.392,25135.518,1.000
229.079,0.893,16836.140,1.000
327.742,1.280,32322.959,1.000
438.764,1.711,5749.902,0.000
210.281,0.820,6063.926,1.000
610.407,2.362,14864.840,0.000
524.635,2.049,23679.719,1.000
701.774,2.741,20762.384,1.000
1086.317,4.238,38863.192,0.000
252.300,0.986,5165.661,0.000
94.429,0.364,2310.894,0.000
312.136,1.216,4317.561,0.000
134.392,0.524,3807.143,0.000
224.674,0.878,5619.926,0.000
124.435,0.486,3147.017,0.000
639.507,2.498,16992.197,0.000
286.806,1.120,8417.082,0.000
917.394,3.581,25120.471,1.000
564.757,2.180,10108.133,1.000
152.151,0.594,9525.744,1.000
285.460,1.110,5725.691,0.000
573.931,2.235,31827.341,1.000
433.457,1.693,28552.956,1.000
247.450,0.959,16335.395,1.000
455.259,1.769,7998.920,0.000
235.898,0.921,19846.732,1.000
480.007,1.867,14187.277,1.000
176.642,0.687,10851.894,1.000
534.748,2.089,12419.085,1.000
151.579,0.591,4367.346,0.000
377.271,1.465,19388.470,1.000
376.596,1.471,16008.172,1.000
176.626,0.679,4574.381,0.000
618.676,2.406,33428.565,1.000
667.294,2.604,12884.685,0.000
441.460,1.724,22351.985,1.000
140.539,0.549,4458.313,1.000
278.157,1.072,7544.017,1.000
672.108,2.597,17194.156,0.000
933.911,3.621,30602.751,1.000
286.349,1.117,5813.122,0.000
109.738,0.429,2800.852,0.000
99.443,0.388,3187.714,1.000
250.526,0.979,6487.183,0.000
336.470,1.314,10186.454,0.000
835.711,3.264,25513.612,1.000
494.640,1.932,42590.071,1.000
642.578,2.510,12829.827,0.000
656.620,2.565,16641.117,0.000
408.723,1.593,10540.012,0.000
1278.297,4.993,73197.151,1.000
773.594,3.020,14497.401,0.000
1348.383,5.266,57912.359,1.000
237.449,0.928,21623.670,1.000
554.878,2.167,19905.910,1.000
789.830,3.074,19811.728,0.000
498.855,1.948,9495.680,0.000
685.117,2.675,16577.012,0.000
357.070,1.395,12391.017,1.000
210.784,0.823,4312.124,0.000
337.086,1.316,7837.394,1.000
892.089,3.484,37912.633,1.000
356.694,1.393,27681.051,1.000
1026.171,4.008,24059.340,0.000
91.059,0.355,1783.790,0.000
254.122,0.990,8376.528,1.000
289.921,1.132,13415.916,1.000
627.791,2.450,38699.686,1.000
249.587,0.974,3492.223,0.000
106.564,0.416,1735.001,0.000
1137.732,4.441,61002.255,1.000
987.661,3.858,41326.449,1.000
248.963,0.967,3553.091,0.000
430.723,1.677,12169.710,1.000
867.731,3.383,18501.010,1.000
848.635,3.276,20041.392,0.000
449.029,1.750,7160.555,0.000
739.578,2.889,40338.532,1.000
185.458,0.717,5779.891,0.000
375.119,1.465,9873.436,0.000
396.007,1.543,7200.768,0.000
885.673,3.454,20257.488,1.000
517.286,2.020,11529.787,0.000
466.145,1.820,40040.214,1.000
65.109,0.254,1524.125,0.000
665.029,2.587,12232.159,0.000
170.508,0.666,7982.847,1.000
219.453,0.852,4369.272,0.000
78.716,0.307,1631.251,0.000
805.713,3.145,36073.229,1.000
67.672,0.262,1749.517,0.000
746.444,2.910,15810.088,0.000
591.444,2.302,19868.935,1.000
908.863,3.546,20083.806,0.000
693.437,2.687,14777.978,1.000
854.531,3.335,20867.904,1.000
672.485,2.610,16410.153,0.000
275.134,1.075,7814.887,0.000
136.521,0.533,10900.794,1.000
447.856,1.749,26282.693,1.000
932.081,3.604,25559.435,0.000
629.714,2.459,12682.503,0.000
103.513,0.404,7339.750,1.000
367.923,1.432,8237.007,0.000
847.293,3.310,22986.276,0.000
439.185,1.715,10194.999,0.000
437.298,1.708,7411.881,0.000
74.946,0.293,2335.908,0.000
69.754,0.270,2095.601,0.000
215.745,0.836,9701.771,1.000
633.629,2.473,31531.720,1.000
579.062,2.246,10373.049,0.000
934.061,3.647,21154.161,0.000
831.460,3.242,34608.964,1.000
683.348,2.667,9759.184,0.000
868.294,3.390,46681.748,1.000
567.387,2.216,14757.285,1.000
210.782,0.823,6116.398,0.000
302.680,1.181,22951.014,1.000
996.189,3.891,24029.628,0.000
326.825,1.274,33650.101,1.000
634.221,2.471,16102.090,0.000
594.202,2.305,13140.951,1.000
787.570,3.061,35036.035,1.000
383.541,1.498,8624.130,0.000
734.222,2.860,18615.422,0.000
91.476,0.357,3420.973,1.000
595.400,2.310,15830.472,0.000
744.488,2.895,31175.889,1.000
548.119,2.141,22825.654,1.000
632.055,2.463,21343.113,0.000
92.927,0.363,2019.149,0.000
269.108,1.050,7523.999,0.000
397.845,1.541,23743.824,1.000
490.663,1.916,9089.689,0.000
527.548,2.058,37154.574,1.000
925.902,3.608,45490.804,1.000
275.196,1.074,25040.501,1.000
106.372,0.414,2186.776,0.000
745.555,2.910,19023.498,0.000
302.729,1.181,4252.870,0.000
1024.682,3.995,36524.763,1.000
153.608,0.589,3510.454,0.000
336.536,1.310,7118.411,0.000
273.575,1.069,5702.202,0.000
247.037,0.963,4191.554,0.000
240.485,0.935,6633.966,1.000
248.674,0.971,15628.438,1.000
631.123,2.462,45471.973,1.000
443.558,1.732,6671.998,0.000
784.556,3.058,20529.277,0.000
146.394,0.571,4266.304,0.000
632.053,2.461,34921.805,1.000
317.816,1.241,6388.057,1.000
1073.833,4.181,20782.042,0.000
363.240,1.419,14872.863,1.000
581.925,2.272,8950.267,0.000
367.697,1.415,9206.934,0.000
594.408,2.322,12270.786,0.000
582.647,2.276,14195.597,0.000
301.589,1.178,28086.839,1.000
373.550,1.458,34268.072,1.000
946.559,3.628,26510.732,0.000
689.778,2.651,18882.301,1.000
252.564,0.964,8782.375,1.000
127.305,0.497,2366.711,0.000
426.580,1.666,17695.044,1.000
91.283,0.357,3901.584,1.000
121.246,0.464,5910.085,1.000
747.538,2.917,20501.543,0.000
327.327,1.278,9361.731,0.000
566.750,2.204,27224.999,1.000
824.929,3.222,21479.133,0.000
606.518,2.360,9145.040,0.000
1328.175,5.187,28239.566,1.000
717.193,2.801,29459.883,1.000
482.893,1.885,12407.921,1.000
444.509,1.736,15075.340,1.000
588.671,2.290,11924.970,0.000
276.085,1.069,23564.014,1.000
1013.034,3.956,23999.367,1.000
655.859,2.555,16615.527,0.000
202.522,0.789,16149.440,1.000
427.095,1.665,29031.714,1.000
415.094,1.605,11201.933,0.000
729.775,2.844,24215.196,1.000
985.800,3.844,33336.702,0.000
222.791,0.867,10999.122,1.000
573.626,2.236,32822.543,1.000
450.072,1.749,12733.765,0.000
365.245,1.427,8758.684,0.000
939.636,3.667,17439.959,0.000
769.166,3.004,30087.810,1.000
1014.011,3.941,16012.326,1.000
84.255,0.329,3066.473,0.000
214.773,0.839,5072.980,1.000
1134.061,4.407,53572.435,1.000
224.293,0.876,2681.081,0.000
208.872,0.815,10915.322,1.000
327.511,1.279,14116.725,1.000
1021.003,3.967,56474.651,1.000
524.344,2.036,18634.705,1.000
628.292,2.429,31068.507,1.000
283.108,1.097,7744.944,0.000
208.391,0.813,4926.558,0.000
751.404,2.934,17256.054,0.000
617.089,2.411,15916.988,1.000
752.707,2.921,19028.287,0.000
902.827,3.504,19050.372,0.000
363.480,1.419,21994.446,1.000
139.044,0.533,2384.111,0.000
384.680,1.497,8751.714,0.000
309.855,1.208,5693.635,0.000
678.197,2.635,15522.281,0.000
961.660,3.754,19977.159,0.000
956.922,3.737,19417.903,0.000
762.342,2.975,14301.308,0.000
358.848,1.396,14554.888,1.000
762.983,2.969,32730.518,1.000
1131.296,4.412,23319.067,0.000
397.694,1.551,22788.819,1.000
281.992,1.100,25004.590,1.000
65.072,0.249,1253.040,0.000
280.765,1.094,15265.325,1.000
205.343,0.802,4958.088,0.000
412.935,1.612,18077.322,1.000
949.304,3.708,20068.504,0.000
264.052,1.029,6934.287,1.000
595.563,2.292,11233.628,0.000
377.480,1.472,4572.329,0.000
1212.680,4.718,70679.197,1.000
158.609,0.619,4910.084,0.000
670.948,2.617,11792.399,0.000
658.385,2.571,18636.943,0.000
1024.596,3.980,37235.838,1.000
1260.502,4.923,54738.237,1.000
461.641,1.793,19172.730,1.000
820.207,3.186,54713.414,1.000
647.595,2.524,11995.397,0.000
292.008,1.140,8904.209,0.000
1135.034,4.432,45624.701,1.000
1032.571,4.031,33784.853,1.000
662.512,2.583,23344.920,0.000
321.451,1.256,29675.862,1.000
1193.120,4.652,17888.690,0.000
357.920,1.392,5893.978,0.000
421.672,1.642,13755.441,1.000
869.604,3.391,22298.655,0.000
133.124,0.519,9088.475,1.000
256.555,1.000,18584.355,1.000
1043.485,4.036,57394.617,1.000
346.811,1.355,6788.296,0.000
1086.330,4.218,23807.094,0.000
304.295,1.185,6532.497,0.000
344.765,1.346,8224.132,0.000
156.784,0.612,7802.313,1.000
479.127,1.871,8631.561,0.000
451.720,1.763,12678.284,0.000
883.280,3.418,26214.824,1.000
460.416,1.798,10827.571,0.000
877.345,3.425,20528.811,0.000
986.170,3.850,37867.922,1.000
663.744,2.592,49053.815,1.000
528.216,2.059,11963.216,0.000
455.575,1.779,13010.484,0.000
777.899,2.944,17967.124,1.000
691.172,2.699,19698.597,0.000
